<?xml version="1.0" encoding="UTF-8"?>
<packaging:packageUnit xmlns:packaging="http://schemas.tibco.com/tra/model/core/PackagingModel" xmlns:property="http://ns.tibco.com/bw/property" xmlns:xsd="http://www.w3.org/2001/XMLSchema">
  <packaging:description></packaging:description>
  <packaging:properties>
    <packaging:property>
      <packaging:name>//IDoc_Examples//BW.APPNODE.NAME</packaging:name>
      <packaging:type>xsd:string</packaging:type>
      <packaging:visibility>private</packaging:visibility>
      <packaging:scalable>true</packaging:scalable>
      <packaging:overrideValue>false</packaging:overrideValue>
    </packaging:property>
    <packaging:property>
      <packaging:name>//IDoc_Examples//BW.DOMAIN.NAME</packaging:name>
      <packaging:type>xsd:string</packaging:type>
      <packaging:visibility>private</packaging:visibility>
      <packaging:scalable>true</packaging:scalable>
      <packaging:overrideValue>false</packaging:overrideValue>
    </packaging:property>
    <packaging:property>
      <packaging:name>//IDoc_Examples//BW.HOST.NAME</packaging:name>
      <packaging:type>xsd:string</packaging:type>
      <packaging:visibility>private</packaging:visibility>
      <packaging:scalable>true</packaging:scalable>
      <packaging:overrideValue>false</packaging:overrideValue>
    </packaging:property>
    <packaging:property>
      <packaging:name>//IDoc_Examples//BW.MODULE.VERSION</packaging:name>
      <packaging:type>xsd:string</packaging:type>
      <packaging:visibility>private</packaging:visibility>
      <packaging:scalable>true</packaging:scalable>
      <packaging:overrideValue>false</packaging:overrideValue>
    </packaging:property>
    <packaging:property>
      <packaging:name>//IDoc_Examples//BW.DEPLOYMENTUNIT.NAME</packaging:name>
      <packaging:type>xsd:string</packaging:type>
      <packaging:visibility>private</packaging:visibility>
      <packaging:scalable>true</packaging:scalable>
      <packaging:overrideValue>false</packaging:overrideValue>
    </packaging:property>
    <packaging:property>
      <packaging:name>//IDoc_Examples//BW.DEPLOYMENTUNIT.VERSION</packaging:name>
      <packaging:type>xsd:string</packaging:type>
      <packaging:visibility>private</packaging:visibility>
      <packaging:scalable>true</packaging:scalable>
      <packaging:overrideValue>false</packaging:overrideValue>
    </packaging:property>
    <packaging:property>
      <packaging:name>//IDoc_Examples//BW.APPSPACE.NAME</packaging:name>
      <packaging:type>xsd:string</packaging:type>
      <packaging:visibility>private</packaging:visibility>
      <packaging:scalable>true</packaging:scalable>
      <packaging:overrideValue>false</packaging:overrideValue>
    </packaging:property>
    <packaging:property>
      <packaging:name>//IDoc_Examples//BW.DEPLOYMENTUNIT.TYPE</packaging:name>
      <packaging:type>xsd:string</packaging:type>
      <packaging:visibility>private</packaging:visibility>
      <packaging:scalable>true</packaging:scalable>
      <packaging:overrideValue>false</packaging:overrideValue>
    </packaging:property>
    <packaging:property>
      <packaging:name>//IDoc_Examples//BW.MODULE.NAME</packaging:name>
      <packaging:type>xsd:string</packaging:type>
      <packaging:visibility>private</packaging:visibility>
      <packaging:scalable>true</packaging:scalable>
      <packaging:overrideValue>false</packaging:overrideValue>
    </packaging:property>
    <packaging:property>
      <packaging:name>//IDoc_Examples//SAPGatewayService</packaging:name>
      <packaging:type>xsd:string</packaging:type>
      <packaging:visibility>private</packaging:visibility>
      <packaging:scalable>false</packaging:scalable>
      <packaging:overrideValue>false</packaging:overrideValue>
    </packaging:property>
    <packaging:property>
      <packaging:name>//IDoc_Examples//SAPSystemName</packaging:name>
      <packaging:type>xsd:string</packaging:type>
      <packaging:visibility>private</packaging:visibility>
      <packaging:scalable>false</packaging:scalable>
      <packaging:overrideValue>false</packaging:overrideValue>
    </packaging:property>
    <packaging:property>
      <packaging:name>//IDoc_Examples//SAPSncQop</packaging:name>
      <packaging:type>xsd:string</packaging:type>
      <packaging:visibility>private</packaging:visibility>
      <packaging:scalable>false</packaging:scalable>
      <packaging:overrideValue>false</packaging:overrideValue>
    </packaging:property>
    <packaging:property>
      <packaging:name>//IDoc_Examples//SAPAppServer</packaging:name>
      <packaging:type>xsd:string</packaging:type>
      <packaging:visibility>private</packaging:visibility>
      <packaging:scalable>false</packaging:scalable>
      <packaging:overrideValue>false</packaging:overrideValue>
    </packaging:property>
    <packaging:property>
      <packaging:name>//IDoc_Examples//SAPMsgServer</packaging:name>
      <packaging:type>xsd:string</packaging:type>
      <packaging:visibility>private</packaging:visibility>
      <packaging:scalable>false</packaging:scalable>
      <packaging:overrideValue>false</packaging:overrideValue>
    </packaging:property>
    <packaging:property>
      <packaging:name>//IDoc_Examples//SAPProgramID</packaging:name>
      <packaging:type>xsd:string</packaging:type>
      <packaging:visibility>private</packaging:visibility>
      <packaging:scalable>false</packaging:scalable>
      <packaging:overrideValue>false</packaging:overrideValue>
    </packaging:property>
    <packaging:property>
      <packaging:name>//IDoc_Examples//SAPGatewayHost</packaging:name>
      <packaging:type>xsd:string</packaging:type>
      <packaging:visibility>private</packaging:visibility>
      <packaging:scalable>false</packaging:scalable>
      <packaging:overrideValue>false</packaging:overrideValue>
    </packaging:property>
    <packaging:property>
      <packaging:name>//IDoc_Examples//SAPSncMode</packaging:name>
      <packaging:type>xsd:string</packaging:type>
      <packaging:visibility>private</packaging:visibility>
      <packaging:scalable>false</packaging:scalable>
      <packaging:overrideValue>false</packaging:overrideValue>
    </packaging:property>
    <packaging:property>
      <packaging:name>//IDoc_Examples//SAPSncPartnername</packaging:name>
      <packaging:type>xsd:string</packaging:type>
      <packaging:visibility>private</packaging:visibility>
      <packaging:scalable>false</packaging:scalable>
      <packaging:overrideValue>false</packaging:overrideValue>
    </packaging:property>
    <packaging:property>
      <packaging:name>//IDoc_Examples//SAPSncMyname</packaging:name>
      <packaging:type>xsd:string</packaging:type>
      <packaging:visibility>private</packaging:visibility>
      <packaging:scalable>false</packaging:scalable>
      <packaging:overrideValue>false</packaging:overrideValue>
    </packaging:property>
    <packaging:property>
      <packaging:name>//IDoc_Examples//SAPClient</packaging:name>
      <packaging:type>xsd:string</packaging:type>
      <packaging:visibility>private</packaging:visibility>
      <packaging:scalable>false</packaging:scalable>
      <packaging:overrideValue>false</packaging:overrideValue>
    </packaging:property>
    <packaging:property>
      <packaging:name>//IDoc_Examples//SAPLogonGroup</packaging:name>
      <packaging:type>xsd:string</packaging:type>
      <packaging:visibility>private</packaging:visibility>
      <packaging:scalable>false</packaging:scalable>
      <packaging:overrideValue>false</packaging:overrideValue>
    </packaging:property>
    <packaging:property>
      <packaging:name>//IDoc_Examples//SAPUserName</packaging:name>
      <packaging:type>xsd:string</packaging:type>
      <packaging:visibility>private</packaging:visibility>
      <packaging:scalable>false</packaging:scalable>
      <packaging:overrideValue>false</packaging:overrideValue>
    </packaging:property>
    <packaging:property>
      <packaging:name>//IDoc_Examples//SAPSncLib</packaging:name>
      <packaging:type>xsd:string</packaging:type>
      <packaging:visibility>private</packaging:visibility>
      <packaging:scalable>false</packaging:scalable>
      <packaging:overrideValue>false</packaging:overrideValue>
    </packaging:property>
    <packaging:property>
      <packaging:name>//IDoc_Examples//SAPSystemNumber</packaging:name>
      <packaging:type>xsd:string</packaging:type>
      <packaging:visibility>private</packaging:visibility>
      <packaging:scalable>false</packaging:scalable>
      <packaging:overrideValue>false</packaging:overrideValue>
    </packaging:property>
    <packaging:property>
      <packaging:name>//IDoc_Examples//SAPPassword</packaging:name>
      <packaging:type>property:password</packaging:type>
      <packaging:visibility>private</packaging:visibility>
      <packaging:scalable>false</packaging:scalable>
      <packaging:overrideValue>false</packaging:overrideValue>
    </packaging:property>
    <packaging:property>
      <packaging:name>//IDoc_Examples///IDocRenderer/SAPClient1</packaging:name>
      <packaging:type>xsd:string</packaging:type>
      <packaging:visibility>public</packaging:visibility>
      <packaging:scalable>true</packaging:scalable>
      <packaging:overrideValue>false</packaging:overrideValue>
    </packaging:property>
    <packaging:property>
      <packaging:name>//IDoc_Examples///IDocRenderer/SAPClient2</packaging:name>
      <packaging:type>xsd:string</packaging:type>
      <packaging:visibility>public</packaging:visibility>
      <packaging:scalable>true</packaging:scalable>
      <packaging:overrideValue>false</packaging:overrideValue>
    </packaging:property>
    <packaging:property>
      <packaging:name>//IDoc_Examples///IDocRenderer/SAPAppServer2</packaging:name>
      <packaging:type>xsd:string</packaging:type>
      <packaging:visibility>public</packaging:visibility>
      <packaging:scalable>true</packaging:scalable>
      <packaging:overrideValue>false</packaging:overrideValue>
    </packaging:property>
    <packaging:property>
      <packaging:name>//IDoc_Examples///IDocRenderer/SAPAppServer1</packaging:name>
      <packaging:type>xsd:string</packaging:type>
      <packaging:visibility>public</packaging:visibility>
      <packaging:scalable>true</packaging:scalable>
      <packaging:overrideValue>false</packaging:overrideValue>
    </packaging:property>
    <packaging:property>
      <packaging:name>//IDoc_Examples///IDocRenderer/SAPSystemNumber2</packaging:name>
      <packaging:type>xsd:string</packaging:type>
      <packaging:visibility>public</packaging:visibility>
      <packaging:scalable>true</packaging:scalable>
      <packaging:overrideValue>false</packaging:overrideValue>
    </packaging:property>
    <packaging:property>
      <packaging:name>//IDoc_Examples///IDocRenderer/SAPSystemNumber1</packaging:name>
      <packaging:type>xsd:string</packaging:type>
      <packaging:visibility>public</packaging:visibility>
      <packaging:scalable>true</packaging:scalable>
      <packaging:overrideValue>false</packaging:overrideValue>
    </packaging:property>
  </packaging:properties>
  <packaging:modules>
    <packaging:module>
      <packaging:symbolicName>IDoc_Examples</packaging:symbolicName>
      <packaging:technologyType>bw-appmodule,osgi-bundle</packaging:technologyType>
      <packaging:technologyVersion>1.0.0.qualifier</packaging:technologyVersion>
    </packaging:module>
  </packaging:modules>
</packaging:packageUnit>